Price,Sqft,Location,Bed,Bath
"$1,088,000",--,queens-new-york-ny,3,3
"$1,697,850",--,queens-new-york-ny,6,4
"$5,500,000","5,935",queens-new-york-ny,6,6
"$610,000",--,queens-new-york-ny,3,2
"$159,000",--,queens-new-york-ny,1,1
"$699,000","1,700",queens-new-york-ny,4,4
"$750,000","1,184",queens-new-york-ny,3,2
"$299,000",--,queens-new-york-ny,5,2
"$775,000","1,230",queens-new-york-ny,4,2
"$725,000",--,queens-new-york-ny,2,2
"$475,000","2,200",queens-new-york-ny,2,1
"$325,000",753,queens-new-york-ny,2,1
"$349,000",--,queens-new-york-ny,2,1
"$1,500,000","3,000",queens-new-york-ny,8,5
"$269,900",--,queens-new-york-ny,1,1
"$320,000",450,queens-new-york-ny,1,1
"$379,999",--,queens-new-york-ny,6,3
"$699,000","1,800",queens-new-york-ny,4,3
"$219,000",--,queens-new-york-ny,1,1
"$199,999",750,queens-new-york-ny,1,1
"$1,188,000","1,250",queens-new-york-ny,4,2
"$789,000","1,125",queens-new-york-ny,3,2
"$160,000",--,queens-new-york-ny,2,1
"$479,000","1,800",queens-new-york-ny,4,2
"$789,777","2,915",queens-new-york-ny,5,3
"$1,050,000",--,queens-new-york-ny,4,3
"$818,000",--,queens-new-york-ny,3,3
"$660,000",--,queens-new-york-ny,3,2
"$409,000",800,queens-new-york-ny,2,1
"$199,000",--,queens-new-york-ny,1,1
"$119,000",--,queens-new-york-ny,--,1
"$1,899,000","2,430",queens-new-york-ny,6,5
"$1,700,000",--,queens-new-york-ny,5,3
"$950,000",--,queens-new-york-ny,3,2
"$299,000",800,queens-new-york-ny,1,1
"$799,999","1,560",queens-new-york-ny,4,2
"$925,000","2,389",queens-new-york-ny,6,3
"$1,500,000",--,queens-new-york-ny,9,10
"$899,000","1,200",queens-new-york-ny,4,2
"$399,000",--,queens-new-york-ny,2,1
"$350,000",--,queens-new-york-ny,2,1
"$639,000","1,154",queens-new-york-ny,3,1
"$215,000","1,509",queens-new-york-ny,0,--
"$540,000",--,queens-new-york-ny,2,2
"$799,000",--,queens-new-york-ny,4,3
"$1,349,000","2,692",queens-new-york-ny,8,5
"$940,000",--,queens-new-york-ny,9,4
"$1,249,000",--,queens-new-york-ny,4,4
"$829,999",--,queens-new-york-ny,5,3
"$1,275,000",--,queens-new-york-ny,9,3
"$599,999","1,088",queens-new-york-ny,3,2
"$1,699,999","1,875",queens-new-york-ny,4,5
"$599,000","1,680",queens-new-york-ny,3,2
"$269,000",--,queens-new-york-ny,2,1
"$220,000",--,queens-new-york-ny,2,1
"$549,000","1,400",queens-new-york-ny,3,3
"$2,359,000",--,queens-new-york-ny,5,6
"$349,000",875,queens-new-york-ny,2,1
"$1,298,888",--,queens-new-york-ny,15,9
"$1,199,000","2,929",queens-new-york-ny,7,3
"$649,000","1,200",queens-new-york-ny,3,2
"$899,000",--,queens-new-york-ny,5,2
"$2,388,000","3,802",queens-new-york-ny,5,5
"$1,088,000","1,125",queens-new-york-ny,3,2
"$388,888",950,queens-new-york-ny,3,1
"$350,000",975,queens-new-york-ny,2,1
"$600,000",--,queens-new-york-ny,3,3
"$359,990",--,queens-new-york-ny,3,1
"$1,480,000",--,queens-new-york-ny,3,4
"$1,180,000","1,900",queens-new-york-ny,3,3
"$609,000","1,208",queens-new-york-ny,3,3
"$888,000",--,queens-new-york-ny,5,3
"$499,000","2,594",queens-new-york-ny,3,2
"$600,000","2,400",queens-new-york-ny,3,3
"$299,000",950,queens-new-york-ny,2,1
"$2,598,800","3,222",queens-new-york-ny,5,7
"$3,999,000","6,000",queens-new-york-ny,5,5
"$699,900","1,280",queens-new-york-ny,3,1
"$1,088,888","2,950",queens-new-york-ny,7,3
"$799,000",700,queens-new-york-ny,2,2
"$699,000",--,queens-new-york-ny,2,2
"$770,000",--,queens-new-york-ny,3,2
"$675,000",--,queens-new-york-ny,5,3
"$359,000",769,queens-new-york-ny,1,1
"$1,350,000",--,queens-new-york-ny,3,2
"$1,135,000","3,000",queens-new-york-ny,6,5
"$1,175,000","2,137",queens-new-york-ny,3,1
"$658,000","1,188",queens-new-york-ny,4,2
"$165,000",--,queens-new-york-ny,1,1
"$938,000","1,700",queens-new-york-ny,2,2
"$295,000",720,queens-new-york-ny,1,1
"$119,000",500,queens-new-york-ny,0,1
"$399,000","1,200",queens-new-york-ny,2,2
"$295,000",--,queens-new-york-ny,1,1
"$1,080,000",--,queens-new-york-ny,3,3
"$588,000",--,queens-new-york-ny,4,2
"$824,900","1,400",queens-new-york-ny,3,3
"$330,000",721,queens-new-york-ny,2,1
"$999,000","1,195",queens-new-york-ny,2,1
"$1,150,000",--,queens-new-york-ny,4,3
"$229,000",900,queens-new-york-ny,2,1
"$575,000",--,queens-new-york-ny,3,2
"$1,450,000","3,000",queens-new-york-ny,7,3
"$648,888",--,queens-new-york-ny,2,2
"$295,000",500,queens-new-york-ny,0,1
"$289,800",--,queens-new-york-ny,2,1
"$1,249,000",--,queens-new-york-ny,3,3
"$11,000,000",--,queens-new-york-ny,5,7
"$1,699,888","2,275",queens-new-york-ny,3,3
"$948,000","1,880",queens-new-york-ny,4,2
"$200,000",613,queens-new-york-ny,1,1
"$4,500,000",--,queens-new-york-ny,4,5
"$1,058,888",--,queens-new-york-ny,3,3
"$200,000","1,780",queens-new-york-ny,0,--
"$745,000","1,077",queens-new-york-ny,2,2
"$128,000",--,queens-new-york-ny,0,1
"$1,550,000","1,324",queens-new-york-ny,0,2
"$718,000",--,queens-new-york-ny,3,2
"$199,000",--,queens-new-york-ny,1,1
"$1,350,000","2,150",queens-new-york-ny,5,3
"$980,000",--,queens-new-york-ny,5,3
"$849,900",--,queens-new-york-ny,4,2
"$339,000",700,queens-new-york-ny,1,1
"$780,000","2,025",queens-new-york-ny,2,2
"$305,000",600,queens-new-york-ny,2,1
"$3,650,000","3,524",brooklyn-new-york-ny,4,4
"$1,688,000","3,828",brooklyn-new-york-ny,8,6
"$999,000","3,630",brooklyn-new-york-ny,7,5
"$1,150,000","1,827",brooklyn-new-york-ny,3,2
"$14,000,000","7,200",brooklyn-new-york-ny,5,8
"$1,695,000","2,478",brooklyn-new-york-ny,4,5
"$615,000",525,brooklyn-new-york-ny,1,--
"$3,595,000","3,000",brooklyn-new-york-ny,5,4
"$999,999",--,brooklyn-new-york-ny,3,3
"$875,000","2,836",brooklyn-new-york-ny,4,2
"$1,099,999","1,840",brooklyn-new-york-ny,4,3
"$1,249,000","3,050",brooklyn-new-york-ny,8,3
"$729,000","1,810",brooklyn-new-york-ny,6,3
"$9,995,000","5,671",brooklyn-new-york-ny,5,7
"$150,000",432,brooklyn-new-york-ny,0,1
"$1,800,000","3,180",brooklyn-new-york-ny,10,3
"$979,000","1,006",brooklyn-new-york-ny,3,1
"$675,000","2,482",brooklyn-new-york-ny,3,2
"$725,000",--,brooklyn-new-york-ny,2,1
"$589,000",725,brooklyn-new-york-ny,3,1
"$779,000","1,540",brooklyn-new-york-ny,3,2
"$500,000",--,brooklyn-new-york-ny,1,1
"$1,695,000","4,420",brooklyn-new-york-ny,9,6
"$638,000","1,320",brooklyn-new-york-ny,3,2
"$580,000",--,brooklyn-new-york-ny,2,1
"$1,950,000","2,320",brooklyn-new-york-ny,4,4
"$1,699,000","2,769",brooklyn-new-york-ny,8,4
"$875,000",--,brooklyn-new-york-ny,5,3
"$349,999",873,brooklyn-new-york-ny,2,1
"$2,699,000","2,000",brooklyn-new-york-ny,5,3
"$1,450,000",--,brooklyn-new-york-ny,3,2
"$825,000","1,176",brooklyn-new-york-ny,4,2
"$1,330,000",--,brooklyn-new-york-ny,7,3
"$2,200,000","2,362",brooklyn-new-york-ny,4,4
"$2,699,000","2,800",brooklyn-new-york-ny,4,3
"$899,000","2,115",brooklyn-new-york-ny,5,3
"$725,000","2,266",brooklyn-new-york-ny,4,3
"$758,000",--,brooklyn-new-york-ny,3,2
"$550,000","1,480",brooklyn-new-york-ny,3,2
"$938,000","1,204",brooklyn-new-york-ny,3,1
"$1,750,000","5,000",brooklyn-new-york-ny,9,8
"$950,000","4,125",brooklyn-new-york-ny,6,6
"$5,999,000",--,brooklyn-new-york-ny,5,3
"$2,800,000","3,400",brooklyn-new-york-ny,5,4
"$1,390,000",--,brooklyn-new-york-ny,7,3
"$2,499,000","1,732",brooklyn-new-york-ny,4,2
"$420,000",--,brooklyn-new-york-ny,1,1
"$894,000","1,056",brooklyn-new-york-ny,2,2
"$3,200,000","1,786",brooklyn-new-york-ny,3,3
"$2,700,000","2,640",brooklyn-new-york-ny,7,4
"$8,495,000",--,brooklyn-new-york-ny,5,6
"$245,000","1,050",brooklyn-new-york-ny,3,1
"$3,650,000","3,125",brooklyn-new-york-ny,4,5
"$1,849,000",--,brooklyn-new-york-ny,6,3
"$2,350,000",--,brooklyn-new-york-ny,3,2
"$270,000",--,brooklyn-new-york-ny,0,1
"$375,000",915,brooklyn-new-york-ny,1,1
"$1,495,000",--,brooklyn-new-york-ny,4,2
"$569,000","1,300",brooklyn-new-york-ny,2,2
"$749,000","1,348",brooklyn-new-york-ny,4,2
"$1,249,000","1,928",brooklyn-new-york-ny,4,3
"$789,000","1,017",brooklyn-new-york-ny,3,2
"$429,777",650,brooklyn-new-york-ny,2,1
"$979,000","1,827",brooklyn-new-york-ny,3,3
"$269,000",625,brooklyn-new-york-ny,1,1
"$749,000","1,802",brooklyn-new-york-ny,3,2
"$1,495,000","1,700",brooklyn-new-york-ny,3,2
"$245,000",--,brooklyn-new-york-ny,0,1
"$1,088,000","3,315",brooklyn-new-york-ny,8,5
"$1,150,000","1,450",brooklyn-new-york-ny,12,7
"$925,000","2,880",brooklyn-new-york-ny,6,3
"$799,000","3,000",brooklyn-new-york-ny,3,3
"$689,000","1,284",brooklyn-new-york-ny,3,4
"$473,000","1,216",brooklyn-new-york-ny,3,2
"$895,000",827,brooklyn-new-york-ny,2,2
"$1,650,000","2,000",brooklyn-new-york-ny,3,2
"$739,000",989,brooklyn-new-york-ny,2,2
"$1,995,000","1,230",brooklyn-new-york-ny,3,2
"$1,850,000","3,300",brooklyn-new-york-ny,6,4
"$2,175,000","1,357",brooklyn-new-york-ny,3,3
"$1,395,000","3,400",brooklyn-new-york-ny,8,5
"$1,999,000","2,400",brooklyn-new-york-ny,5,4
"$259,999",--,brooklyn-new-york-ny,3,1
"$1,650,000","3,360",brooklyn-new-york-ny,6,4
"$449,944",889,brooklyn-new-york-ny,2,1
"$1,300,000","5,313",brooklyn-new-york-ny,6,2
"$2,995,000",--,brooklyn-new-york-ny,4,6
"$2,100,000","3,000",brooklyn-new-york-ny,4,4
"$858,000","1,632",brooklyn-new-york-ny,4,3
"$528,000",790,brooklyn-new-york-ny,3,2
"$3,200,000","3,600",brooklyn-new-york-ny,4,4
"$1,875,000","2,312",brooklyn-new-york-ny,3,3
"$229,000",--,brooklyn-new-york-ny,1,1
"$699,000","1,560",brooklyn-new-york-ny,4,2
"$789,000",--,brooklyn-new-york-ny,3,3
"$2,835,000","1,498",brooklyn-new-york-ny,3,2
"$585,000","1,200",brooklyn-new-york-ny,2,2
"$1,495,000","1,000",brooklyn-new-york-ny,2,2
"$1,049,000","1,392",brooklyn-new-york-ny,3,1
"$955,000","1,077",brooklyn-new-york-ny,2,2
"$660,000",--,brooklyn-new-york-ny,1,1
"$438,000","1,200",brooklyn-new-york-ny,3,2
"$268,800",725,brooklyn-new-york-ny,1,1
"$5,799,000","4,693",brooklyn-new-york-ny,6,5
"$600,000",--,brooklyn-new-york-ny,4,4
"$729,999","1,600",brooklyn-new-york-ny,3,2
"$765,000","1,216",brooklyn-new-york-ny,4,3
"$729,000","1,944",brooklyn-new-york-ny,4,4
"$649,000","1,008",brooklyn-new-york-ny,3,2
"$2,200,000","1,650",brooklyn-new-york-ny,3,3
"$995,000",942,brooklyn-new-york-ny,2,2
"$1,650,000","3,560",brooklyn-new-york-ny,8,3
"$1,800,000","2,700",brooklyn-new-york-ny,8,4
"$229,000",550,brooklyn-new-york-ny,1,1
"$979,999","2,340",brooklyn-new-york-ny,6,5
"$1,388,000","1,804",brooklyn-new-york-ny,5,2
"$448,000",560,brooklyn-new-york-ny,2,1
"$1,138,200","3,463",brooklyn-new-york-ny,3,4
"$1,200,000","1,058",brooklyn-new-york-ny,2,2
"$1,100,000",--,brooklyn-new-york-ny,3,3
"$595,000",698,brooklyn-new-york-ny,1,1
"$1,149,000","2,169",brooklyn-new-york-ny,5,4
"$399,999","1,000",brooklyn-new-york-ny,2,1
"$988,000","1,436",brooklyn-new-york-ny,3,2
"$1,388,000","2,640",brooklyn-new-york-ny,3,3
"$1,699,000","3,420",brooklyn-new-york-ny,6,5
"$33,000,000","11,638",manhattan-new-york-ny,12,12
"$4,895,000","2,208",manhattan-new-york-ny,2,2
"$20,000,000","5,000",manhattan-new-york-ny,5,5
"$5,550,000","3,300",manhattan-new-york-ny,4,3
"$75,000,000","7,587",manhattan-new-york-ny,5,7
"$57,500,000","12,500",manhattan-new-york-ny,8,12
"$14,600,000","6,630",manhattan-new-york-ny,6,9
"$399,000",--,manhattan-new-york-ny,2,1
"$20,000,000","5,500",manhattan-new-york-ny,3,5
"$50,000,000","6,569",manhattan-new-york-ny,6,7
"$28,500,000","12,300",manhattan-new-york-ny,6,11
"$56,000,000","24,000",manhattan-new-york-ny,11,10
"$600,000",984,manhattan-new-york-ny,2,2
"$399,000",--,manhattan-new-york-ny,2,2
"$38,000,000","15,950",manhattan-new-york-ny,8,10
"$34,500,000",--,manhattan-new-york-ny,5,5
"$70,000,000",--,manhattan-new-york-ny,8,8
"$75,000,000","7,074",manhattan-new-york-ny,5,6
"$2,995,000",--,manhattan-new-york-ny,3,3
"$650,000",--,manhattan-new-york-ny,1,1
"$13,995,000","6,815",manhattan-new-york-ny,5,10
"$25,000,000","6,514",manhattan-new-york-ny,7,8
"$329,000",500,manhattan-new-york-ny,1,1
"$7,950,000","3,397",manhattan-new-york-ny,3,4
"$299,000",--,manhattan-new-york-ny,0,1
"$5,999,000","3,700",manhattan-new-york-ny,3,3
"$850,000",775,manhattan-new-york-ny,2,1
"$5,995,000","6,425",manhattan-new-york-ny,10,9
"$245,000",--,manhattan-new-york-ny,0,1
"$779,000",--,manhattan-new-york-ny,1,1
"$9,400,000",--,manhattan-new-york-ny,4,5
"$27,500,000","10,325",manhattan-new-york-ny,7,9
"$3,000,000","2,100",manhattan-new-york-ny,3,3
"$12,495,000","6,310",manhattan-new-york-ny,4,6
"$990,000","1,365",manhattan-new-york-ny,3,3
"$2,350,000",--,manhattan-new-york-ny,2,2
"$2,900,000","2,384",manhattan-new-york-ny,1,2
"$20,000,000","11,395",manhattan-new-york-ny,6,12
"$599,000",--,manhattan-new-york-ny,2,1
"$5,995,000","2,435",manhattan-new-york-ny,4,4
"$42,500,000","7,848",manhattan-new-york-ny,4,4
"$11,450,000","8,000",manhattan-new-york-ny,10,10
"$279,000",--,manhattan-new-york-ny,3,1
"$258,000",--,manhattan-new-york-ny,0,1
"$1,225,000",--,manhattan-new-york-ny,2,2
"$497,750",--,manhattan-new-york-ny,2,1
"$375,000",--,manhattan-new-york-ny,1,1
"$2,395,000",--,manhattan-new-york-ny,2,2
"$5,500,000","2,241",manhattan-new-york-ny,3,4
"$400,000",--,manhattan-new-york-ny,1,1
"$23,000,000","7,058",manhattan-new-york-ny,5,8
"$45,000,000","22,750",manhattan-new-york-ny,10,14
"$29,950,000","8,750",manhattan-new-york-ny,10,13
"$44,500,000",--,manhattan-new-york-ny,5,6
"$505,000",--,manhattan-new-york-ny,3,1
"$1,100,000",600,manhattan-new-york-ny,1,1
"$399,000",--,manhattan-new-york-ny,1,1
"$2,700,000",--,manhattan-new-york-ny,4,3
"$7,000,000","3,000",manhattan-new-york-ny,3,4
"$995,000","1,150",manhattan-new-york-ny,2,2
"$27,000,000","3,739",manhattan-new-york-ny,3,4
"$1,925,000","2,743",manhattan-new-york-ny,4,5
"$275,000",--,manhattan-new-york-ny,1,1
"$1,700,000","1,265",manhattan-new-york-ny,2,2
"$2,840,000","2,140",manhattan-new-york-ny,4,4
"$3,963,750","1,638",manhattan-new-york-ny,2,3
"$12,250,000","5,670",manhattan-new-york-ny,7,8
"$14,995,000","6,000",manhattan-new-york-ny,5,6
"$31,400,000","7,762",manhattan-new-york-ny,8,8
"$1,495,000","2,600",manhattan-new-york-ny,4,4
"$17,900,000",--,manhattan-new-york-ny,6,5
"$2,775,000","1,433",manhattan-new-york-ny,2,3
"$1,250,000","1,001",manhattan-new-york-ny,2,1
"$1,725,000","1,172",manhattan-new-york-ny,2,2
"$460,000",--,manhattan-new-york-ny,2,1
"$435,000",--,manhattan-new-york-ny,0,1
"$10,999,000","7,000",manhattan-new-york-ny,5,8
"$1,995,000",984,manhattan-new-york-ny,2,2
"$450,000",--,manhattan-new-york-ny,1,1
"$2,850,000","1,300",manhattan-new-york-ny,2,2
"$12,900,000","6,436",manhattan-new-york-ny,6,7
"$899,000","1,500",manhattan-new-york-ny,3,2
"$1,195,000",--,manhattan-new-york-ny,2,2
"$10,000,000","7,200",manhattan-new-york-ny,4,4
"$1,750,000",--,manhattan-new-york-ny,3,3
"$4,750,000","5,040",manhattan-new-york-ny,6,5
"$12,500,000","2,938",manhattan-new-york-ny,4,5
"$3,650,000","2,535",manhattan-new-york-ny,2,2
"$22,000,000","14,514",manhattan-new-york-ny,24,24
"$24,990,000","6,540",manhattan-new-york-ny,4,8
"$6,750,000","3,430",manhattan-new-york-ny,3,4
"$450,000",--,manhattan-new-york-ny,3,2
"$3,499,000","6,000",manhattan-new-york-ny,6,9
"$385,000",450,manhattan-new-york-ny,0,1
"$575,000",--,manhattan-new-york-ny,1,1
"$11,250,000","4,357",manhattan-new-york-ny,5,6
"$1,250,000",--,manhattan-new-york-ny,2,1
"$9,995,000","2,333",manhattan-new-york-ny,3,4
"$339,000",--,manhattan-new-york-ny,0,1
"$250,000",--,manhattan-new-york-ny,1,1
"$1,295,000",785,manhattan-new-york-ny,1,1
"$549,000",737,manhattan-new-york-ny,2,2
"$1,400,000",--,manhattan-new-york-ny,3,2
"$999,000","1,037",manhattan-new-york-ny,2,2
"$16,995,000","3,310",manhattan-new-york-ny,4,4
"$12,000,000","4,000",manhattan-new-york-ny,5,5
"$425,000",--,manhattan-new-york-ny,1,1
"$499,000",--,manhattan-new-york-ny,1,1
"$3,450,000","4,500",manhattan-new-york-ny,4,3
"$259,000",--,manhattan-new-york-ny,1,1
"$21,000,000","3,364",manhattan-new-york-ny,3,4
"$1,250,000",--,manhattan-new-york-ny,3,2
"$24,950,000","12,000",manhattan-new-york-ny,7,5
"$4,600,000","1,884",manhattan-new-york-ny,3,4
"$715,000",--,manhattan-new-york-ny,3,1
"$1,800,000","1,800",manhattan-new-york-ny,2,3
"$425,000",600,manhattan-new-york-ny,1,1
"$1,199,000",--,manhattan-new-york-ny,3,2
"$12,995,000","18,000",manhattan-new-york-ny,8,15
"$25,500,000","4,492",manhattan-new-york-ny,3,4
"$7,750,000","2,855",manhattan-new-york-ny,3,4
"$27,500,000","6,279",manhattan-new-york-ny,5,8
"$26,000,000","14,500",manhattan-new-york-ny,0,--
"$1,750,000",--,manhattan-new-york-ny,2,2
"$13,100,000","5,850",manhattan-new-york-ny,6,7
"$1,230,000",830,manhattan-new-york-ny,2,1
"$299,000","1,400",bronx-new-york-ny,3,3
"$299,999","1,200",bronx-new-york-ny,3,1
"$485,000",--,bronx-new-york-ny,6,3
"$185,000",630,bronx-new-york-ny,1,1
"$975,799","2,864",bronx-new-york-ny,6,4
"$95,000",750,bronx-new-york-ny,1,1
"$585,000",988,bronx-new-york-ny,2,2
"$699,900","1,836",bronx-new-york-ny,5,3
"$1,295,000","1,995",bronx-new-york-ny,3,3
"$225,000",750,bronx-new-york-ny,1,1
"$564,900","1,890",bronx-new-york-ny,3,2
"$799,999","4,312",bronx-new-york-ny,6,4
"$149,000",--,bronx-new-york-ny,2,1
"$999,500","1,896",bronx-new-york-ny,8,3
"$219,000",900,bronx-new-york-ny,1,1
"$485,000","1,250",bronx-new-york-ny,3,2
"$375,000","1,067",bronx-new-york-ny,3,2
"$875,000","2,686",bronx-new-york-ny,4,2
"$320,000","1,200",bronx-new-york-ny,2,2
"$187,000","1,076",bronx-new-york-ny,4,1
"$5,990,000","5,872",bronx-new-york-ny,4,5
"$639,000","1,296",bronx-new-york-ny,3,2
"$545,000","1,400",bronx-new-york-ny,3,2
"$429,000","1,450",bronx-new-york-ny,2,2
"$150,000",800,bronx-new-york-ny,1,1
"$719,289","1,832",bronx-new-york-ny,4,3
"$275,000",800,bronx-new-york-ny,2,1
"$369,999","1,067",bronx-new-york-ny,3,2
"$615,000","1,280",bronx-new-york-ny,3,2
"$319,000","1,048",bronx-new-york-ny,2,2
"$795,000","1,442",bronx-new-york-ny,3,2
"$79,000",500,bronx-new-york-ny,--,1
"$299,000",--,bronx-new-york-ny,3,2
"$575,000","1,572",bronx-new-york-ny,4,2
"$200,000",900,bronx-new-york-ny,2,1
"$79,000",650,bronx-new-york-ny,--,1
"$7,200,000","48,000",bronx-new-york-ny,--,67
"$1,299,000","4,560",bronx-new-york-ny,11,8
"$69,900",700,bronx-new-york-ny,1,1
"$125,000",--,bronx-new-york-ny,0,1
"$135,000",650,bronx-new-york-ny,1,1
"$635,000","1,920",bronx-new-york-ny,4,3
"$875,000",--,bronx-new-york-ny,3,2
"$795,000","1,960",bronx-new-york-ny,4,3
"$160,000",850,bronx-new-york-ny,1,1
"$809,000","1,801",bronx-new-york-ny,3,3
"$674,999","2,600",bronx-new-york-ny,5,2
"$599,990","1,683",bronx-new-york-ny,3,3
"$589,000","2,268",bronx-new-york-ny,4,2
"$225,000",747,bronx-new-york-ny,2,2
"$799,999","1,929",bronx-new-york-ny,3,2
"$7,000,000","10,100",bronx-new-york-ny,7,8
"$929,000","2,440",bronx-new-york-ny,7,3
"$299,999","1,000",bronx-new-york-ny,2,1
"$489,000","2,500",bronx-new-york-ny,7,3
"$239,000",975,bronx-new-york-ny,2,1
"$945,000","3,480",bronx-new-york-ny,10,4
"$330,000","1,004",bronx-new-york-ny,3,1
"$629,000","1,700",bronx-new-york-ny,3,2
"$550,000",768,bronx-new-york-ny,2,1
"$124,900",676,bronx-new-york-ny,1,1
"$179,900",739,bronx-new-york-ny,1,1
"$1,250,000","2,400",bronx-new-york-ny,6,3
"$165,000","1,000",bronx-new-york-ny,2,1
"$259,900",850,bronx-new-york-ny,2,1
"$184,900",875,bronx-new-york-ny,2,1
"$579,000","1,536",bronx-new-york-ny,3,2
"$829,000",--,bronx-new-york-ny,4,3
"$990,000","3,120",bronx-new-york-ny,8,4
"$1,158,000","3,255",bronx-new-york-ny,5,3
"$549,000","1,400",bronx-new-york-ny,3,2
"$998,000","3,740",bronx-new-york-ny,7,4
"$795,000","5,300",bronx-new-york-ny,8,3
"$780,000","1,332",bronx-new-york-ny,4,3
"$850,000","3,306",bronx-new-york-ny,7,2
"$598,000","1,144",bronx-new-york-ny,3,2
"$469,900","1,200",bronx-new-york-ny,3,2
"$1,999,000","3,850",bronx-new-york-ny,6,4
"$240,900",875,bronx-new-york-ny,2,1
"$299,999",857,bronx-new-york-ny,2,1
"$145,000",800,bronx-new-york-ny,2,1
"$179,000",850,bronx-new-york-ny,1,1
"$160,000",650,bronx-new-york-ny,1,1
"$265,000","1,100",bronx-new-york-ny,2,1
"$419,000",--,bronx-new-york-ny,3,2
"$530,000","1,300",bronx-new-york-ny,3,2
"$679,000","1,052",bronx-new-york-ny,3,2
"$739,000","1,650",bronx-new-york-ny,3,2
"$115,000",750,bronx-new-york-ny,1,1
"$585,000","1,813",bronx-new-york-ny,3,3
"$324,000",--,bronx-new-york-ny,2,1
"$199,000",800,bronx-new-york-ny,1,1
"$2,750,000",--,bronx-new-york-ny,4,6
"$969,000",--,bronx-new-york-ny,6,4
"$729,000",--,bronx-new-york-ny,7,2
"$999,999",--,bronx-new-york-ny,6,4
"$265,000",--,bronx-new-york-ny,1,1
"$605,000","1,500",bronx-new-york-ny,3,2
"$2,495,000","5,374",bronx-new-york-ny,8,9
"$110,000",650,bronx-new-york-ny,1,1
"$325,000",--,bronx-new-york-ny,2,2
"$625,000","2,100",bronx-new-york-ny,4,2
"$550,000","1,205",bronx-new-york-ny,3,2
"$173,000",500,bronx-new-york-ny,0,1
"$185,000",750,bronx-new-york-ny,1,1
"$949,000",--,bronx-new-york-ny,8,3
"$235,000",724,bronx-new-york-ny,1,1
"$399,000","1,050",bronx-new-york-ny,3,2
"$850,000","1,486",bronx-new-york-ny,3,3
"$220,000",900,bronx-new-york-ny,1,1
"$875,000","2,034",bronx-new-york-ny,4,3
"$495,000",--,bronx-new-york-ny,2,2
"$399,000",975,bronx-new-york-ny,2,1
"$475,000",--,bronx-new-york-ny,3,2
"$735,000","2,350",bronx-new-york-ny,3,2
"$555,000","1,171",bronx-new-york-ny,3,2
"$385,000",--,bronx-new-york-ny,2,1
"$230,000",--,bronx-new-york-ny,1,1
"$189,000",920,bronx-new-york-ny,2,1
"$680,000",--,bronx-new-york-ny,3,2
"$150,000",--,bronx-new-york-ny,1,1
"$1,995,000",--,bronx-new-york-ny,5,5
"$324,900","1,050",bronx-new-york-ny,2,1
"$850,000","2,280",bronx-new-york-ny,5,3
"$1,430,000","2,840",bronx-new-york-ny,6,4
"$849,000","1,545",staten-island-new-york-ny,4,3
"$1,250,000","3,427",staten-island-new-york-ny,5,3
"$759,000","1,500",staten-island-new-york-ny,3,3
"$839,000","1,818",staten-island-new-york-ny,4,3
"$888,000","2,024",staten-island-new-york-ny,3,4
"$988,888","1,559",staten-island-new-york-ny,4,3
"$789,888","1,865",staten-island-new-york-ny,4,3
$4,--,staten-island-new-york-ny,4,4
"$439,000","1,252",staten-island-new-york-ny,4,2
"$1,750,000","4,500",staten-island-new-york-ny,4,4
"$1,298,000","2,720",staten-island-new-york-ny,4,4
"$449,999","1,480",staten-island-new-york-ny,2,2
"$1,090,000","1,798",staten-island-new-york-ny,4,5
"$829,000","2,674",staten-island-new-york-ny,5,3
"$1,249,999","3,528",staten-island-new-york-ny,4,4
$599K,"1,700",staten-island-new-york-ny,3,2
"$538,000","1,248",staten-island-new-york-ny,2,2
"$645,000","2,030",staten-island-new-york-ny,5,3
"$925,000","1,672",staten-island-new-york-ny,4,4
"$379,000","1,200",staten-island-new-york-ny,4,1
"$550,000","1,156",staten-island-new-york-ny,3,2
"$119,000",550,staten-island-new-york-ny,0,1
"$588,000","1,692",staten-island-new-york-ny,3,3
"$1,200,000","2,173",staten-island-new-york-ny,4,3
"$479,000","3,100",staten-island-new-york-ny,6,2
"$330,948","1,059",staten-island-new-york-ny,1,2
"$819,999","2,722",staten-island-new-york-ny,--,3
"$899,000","2,496",staten-island-new-york-ny,4,3
"$549,000","1,450",staten-island-new-york-ny,3,2
"$465,000","1,524",staten-island-new-york-ny,2,2
"$279,000",960,staten-island-new-york-ny,2,3
"$505,000","1,094",staten-island-new-york-ny,2,2
"$760,000",--,staten-island-new-york-ny,3,2
"$339,000",960,staten-island-new-york-ny,2,2
"$699,000","1,288",staten-island-new-york-ny,3,2
"$650,000","1,110",staten-island-new-york-ny,3,2
"$550,000","1,424",staten-island-new-york-ny,3,2
"$579,999","1,152",staten-island-new-york-ny,3,3
"$499,000","2,000",staten-island-new-york-ny,2,2
"$435,000",--,staten-island-new-york-ny,3,2
"$449,900","1,286",staten-island-new-york-ny,3,2
"$2,999,000","4,256",staten-island-new-york-ny,4,4
"$649,900","1,495",staten-island-new-york-ny,3,4
"$919,900","2,088",staten-island-new-york-ny,4,4
"$1,088,000","1,554",staten-island-new-york-ny,6,5
"$999,000","3,100",staten-island-new-york-ny,4,4
"$688,000","1,092",staten-island-new-york-ny,3,2
"$530,000","1,348",staten-island-new-york-ny,2,2
"$699,900","1,397",staten-island-new-york-ny,3,2
"$999,999","2,754",staten-island-new-york-ny,5,3
"$3,599,800","8,605",staten-island-new-york-ny,6,8
"$725,000","2,232",staten-island-new-york-ny,3,2
"$1,100,000","2,100",staten-island-new-york-ny,4,2
"$1,165,000","3,500",staten-island-new-york-ny,3,4
"$499,000","1,080",staten-island-new-york-ny,2,2
$1,--,staten-island-new-york-ny,2,3
"$465,000","1,248",staten-island-new-york-ny,2,2
"$725,000","1,498",staten-island-new-york-ny,3,4
"$909,000","2,688",staten-island-new-york-ny,3,3
"$725,000","1,440",staten-island-new-york-ny,3,1
"$1,295,000","2,412",staten-island-new-york-ny,3,2
"$888,888","2,088",staten-island-new-york-ny,4,3
"$1,250,000","4,350",staten-island-new-york-ny,5,5
"$963,000","2,400",staten-island-new-york-ny,4,4
"$749,000","1,645",staten-island-new-york-ny,4,3
"$758,800","1,633",staten-island-new-york-ny,3,2
"$1,150,000","2,590",staten-island-new-york-ny,4,5
"$1,499,999","3,500",staten-island-new-york-ny,4,4
"$198,000","1,000",staten-island-new-york-ny,1,1
"$599,900","2,480",staten-island-new-york-ny,3,3
"$659,000","1,280",staten-island-new-york-ny,3,2
"$1,898,000","3,472",staten-island-new-york-ny,4,4
"$569,000","1,292",staten-island-new-york-ny,4,2
"$649,900","1,434",staten-island-new-york-ny,3,3
"$780,000","1,753",staten-island-new-york-ny,4,3
"$549,900","1,083",staten-island-new-york-ny,3,2
"$1,049,000","2,548",staten-island-new-york-ny,4,3
"$339,000",700,staten-island-new-york-ny,1,1
"$425,000",907,staten-island-new-york-ny,2,1
"$559,000","1,128",staten-island-new-york-ny,3,2
"$569,000","1,200",staten-island-new-york-ny,3,3
"$1,360,000","2,548",staten-island-new-york-ny,6,5
"$758,800","1,633",staten-island-new-york-ny,3,2
"$788,888","1,932",staten-island-new-york-ny,3,2
"$585,000","1,008",staten-island-new-york-ny,2,2
"$1,869,000","4,608",staten-island-new-york-ny,5,4
"$1,875,000","4,315",staten-island-new-york-ny,31,6
"$349,900",--,staten-island-new-york-ny,2,2
"$599,000","1,936",staten-island-new-york-ny,4,3
"$1,149,999","3,500",staten-island-new-york-ny,5,5
"$630,000","1,450",staten-island-new-york-ny,2,2
"$725,000","2,068",staten-island-new-york-ny,3,2
"$544,900","1,212",staten-island-new-york-ny,3,3
"$399,000","1,000",staten-island-new-york-ny,3,2
"$949,000","1,936",staten-island-new-york-ny,3,3
"$499,000","1,500",staten-island-new-york-ny,2,2
"$799,000","1,816",staten-island-new-york-ny,3,2
"$2,795,000","6,600",staten-island-new-york-ny,4,4
"$499,000","1,445",staten-island-new-york-ny,3,3
"$489,000",--,staten-island-new-york-ny,6,4
"$759,500","1,253",staten-island-new-york-ny,3,2
"$739,999","1,008",staten-island-new-york-ny,3,2
"$989,000","2,720",staten-island-new-york-ny,6,4
"$1,199,000","2,226",staten-island-new-york-ny,5,2
"$775,000","2,445",staten-island-new-york-ny,4,2
"$1,399,900","3,149",staten-island-new-york-ny,4,5
"$1,175,000","2,295",staten-island-new-york-ny,3,4
"$2,750,000","6,300",staten-island-new-york-ny,6,5
"$1,388,888","3,975",staten-island-new-york-ny,3,3
"$688,000","1,200",staten-island-new-york-ny,3,2
"$440,000","1,068",staten-island-new-york-ny,1,2
"$235,000",847,staten-island-new-york-ny,2,1
"$425,000",--,staten-island-new-york-ny,3,2
"$2,000,000","3,280",staten-island-new-york-ny,3,3
"$824,000","1,328",staten-island-new-york-ny,5,3
"$599,000","1,200",staten-island-new-york-ny,2,3
"$395,000",666,staten-island-new-york-ny,2,1
"$539,000","1,204",staten-island-new-york-ny,3,2
"$845,000","1,650",staten-island-new-york-ny,4,4
"$1,094,000","3,328",staten-island-new-york-ny,5,4
"$860,000","2,100",staten-island-new-york-ny,--,2
"$785,000","1,850",staten-island-new-york-ny,4,2
"$1,425,000","2,600",staten-island-new-york-ny,6,5
"$798,000","1,350",staten-island-new-york-ny,4,4
"$1,080,000","3,200",staten-island-new-york-ny,4,4
"$649,900","1,434",staten-island-new-york-ny,3,3
